league,team_name,logo_url
NFL,Arizona Cardinals,https://r2.thesportsdb.com/images/media/team/badge/xvuwtw1420646838.png
NFL,Atlanta Falcons,https://r2.thesportsdb.com/images/media/team/badge/rrpvpr1420658174.png
NFL,Baltimore Ravens,https://r2.thesportsdb.com/images/media/team/badge/einz3p1546172463.png
NFL,Buffalo Bills,https://r2.thesportsdb.com/images/media/team/badge/6pb37b1515849026.png
NFL,Carolina Panthers,https://r2.thesportsdb.com/images/media/team/badge/xxyvvy1420940478.png
NFL,Chicago Bears,https://r2.thesportsdb.com/images/media/team/badge/ji22531698678538.png
NFL,Cincinnati Bengals,https://r2.thesportsdb.com/images/media/team/badge/qqtwwv1420941670.png
NFL,Cleveland Browns,https://r2.thesportsdb.com/images/media/team/badge/squvxy1420942389.png
NFL,Dallas Cowboys,https://r2.thesportsdb.com/images/media/team/badge/wrxssu1450018209.png
NFL,Denver Broncos,https://r2.thesportsdb.com/images/media/team/badge/upsspx1421635647.png
NFL,Detroit Lions,https://r2.thesportsdb.com/images/media/team/badge/lgsgkr1546168257.png
NFL,Green Bay Packers,https://r2.thesportsdb.com/images/media/team/badge/rqpwtr1421434717.png
NFL,Houston Texans,https://r2.thesportsdb.com/images/media/team/badge/wqyryy1421436627.png
NFL,Indianapolis Colts,https://r2.thesportsdb.com/images/media/team/badge/wqqvpx1421434058.png
NFL,Jacksonville Jaguars,https://r2.thesportsdb.com/images/media/team/badge/0mrsd41546427902.png
NFL,Kansas City Chiefs,https://r2.thesportsdb.com/images/media/team/badge/936t161515847222.png
NFL,Las Vegas Raiders,https://r2.thesportsdb.com/images/media/team/badge/xqusqy1421724291.png
NFL,Los Angeles Chargers,https://r2.thesportsdb.com/images/media/team/badge/vrqanp1687734910.png
NFL,Los Angeles Rams,https://r2.thesportsdb.com/images/media/team/badge/8e8v4i1599764614.png
NFL,Miami Dolphins,https://r2.thesportsdb.com/images/media/team/badge/trtusv1421435081.png
NFL,Minnesota Vikings,https://r2.thesportsdb.com/images/media/team/badge/qstqqr1421609163.png
NFL,New England Patriots,https://r2.thesportsdb.com/images/media/team/badge/xtwxyt1421431860.png
NFL,New Orleans Saints,https://r2.thesportsdb.com/images/media/team/badge/nd46c71537821337.png
NFL,New York Giants,https://r2.thesportsdb.com/images/media/team/badge/vxppup1423669459.png
NFL,New York Jets,https://r2.thesportsdb.com/images/media/team/badge/hz92od1607953467.png
NFL,Philadelphia Eagles,https://r2.thesportsdb.com/images/media/team/badge/pnpybf1515852421.png
NFL,Pittsburgh Steelers,https://r2.thesportsdb.com/images/media/team/badge/2975411515853129.png
NFL,San Francisco 49ers,https://r2.thesportsdb.com/images/media/team/badge/bqbtg61539537328.png
NFL,Seattle Seahawks,https://r2.thesportsdb.com/images/media/team/badge/wwuqyr1421434817.png
NFL,Tampa Bay Buccaneers,https://r2.thesportsdb.com/images/media/team/badge/2dfpdl1537820969.png
NFL,Tennessee Titans,https://r2.thesportsdb.com/images/media/team/badge/m48yia1515847376.png
NFL,Washington Commanders,https://r2.thesportsdb.com/images/media/team/badge/rn0c7v1643826119.png
English Premier League,Arsenal,https://r2.thesportsdb.com/images/media/team/badge/uyhbfe1612467038.png
English Premier League,Aston Villa,https://r2.thesportsdb.com/images/media/team/badge/jykrpv1717309891.png
English Premier League,Bournemouth,https://r2.thesportsdb.com/images/media/team/badge/y08nak1534071116.png
English Premier League,Brentford,https://r2.thesportsdb.com/images/media/team/badge/grv1aw1546453779.png
English Premier League,Brighton,https://r2.thesportsdb.com/images/media/team/badge/ywypts1448810904.png
English Premier League,Chelsea,https://r2.thesportsdb.com/images/media/team/badge/yvwvtu1448813215.png
English Premier League,Crystal Palace,https://r2.thesportsdb.com/images/media/team/badge/ia6i3m1656014992.png
English Premier League,Everton,https://r2.thesportsdb.com/images/media/team/badge/eqayrf1523184794.png
English Premier League,Fulham,https://r2.thesportsdb.com/images/media/team/badge/xwwvyt1448811086.png
English Premier League,Ipswich,https://r2.thesportsdb.com/images/media/team/badge/mdj1ey1634670785.png
English Premier League,Leicester,https://r2.thesportsdb.com/images/media/team/badge/xtxwtu1448813356.png
English Premier League,Liverpool,https://r2.thesportsdb.com/images/media/team/badge/kfaher1737969724.png
English Premier League,Manchester City,https://r2.thesportsdb.com/images/media/team/badge/vwpvry1467462651.png
English Premier League,Manchester United,https://r2.thesportsdb.com/images/media/team/badge/xzqdr11517660252.png
English Premier League,Newcastle,https://r2.thesportsdb.com/images/media/team/badge/lhwuiz1621593302.png
English Premier League,Nottingham Forest,https://r2.thesportsdb.com/images/media/team/badge/bk4qjs1546440351.png
English Premier League,Southampton,https://r2.thesportsdb.com/images/media/team/badge/ggqtd01621593274.png
English Premier League,Tottenham,https://r2.thesportsdb.com/images/media/team/badge/dfyfhl1604094109.png
English Premier League,West Ham,https://r2.thesportsdb.com/images/media/team/badge/yutyxs1467459956.png
English Premier League,Wolves,https://r2.thesportsdb.com/images/media/team/badge/u9qr031621593327.png
NBA,Atlanta Hawks,https://r2.thesportsdb.com/images/media/team/badge/q3bx641635067495.png
NBA,Boston Celtics,https://r2.thesportsdb.com/images/media/team/badge/4j85bn1667936589.png
NBA,Brooklyn Nets,https://r2.thesportsdb.com/images/media/team/badge/hkafe61739948361.png
NBA,Charlotte Hornets,https://r2.thesportsdb.com/images/media/team/badge/xqtvvp1422380623.png
NBA,Chicago Bulls,https://r2.thesportsdb.com/images/media/team/badge/yk7swg1547214677.png
NBA,Cleveland Cavaliers,https://r2.thesportsdb.com/images/media/team/badge/tys75k1664478652.png
NBA,Dallas Mavericks,https://r2.thesportsdb.com/images/media/team/badge/yqrxrs1420568796.png
NBA,Denver Nuggets,https://r2.thesportsdb.com/images/media/team/badge/8o8j5k1546016274.png
NBA,Detroit Pistons,https://r2.thesportsdb.com/images/media/team/badge/lg7qrc1621594751.png
NBA,Golden State Warriors,https://r2.thesportsdb.com/images/media/team/badge/irobi61565197527.png
NBA,Houston Rockets,https://r2.thesportsdb.com/images/media/team/badge/yezpho1597486052.png
NBA,Indiana Pacers,https://r2.thesportsdb.com/images/media/team/badge/v6jzgm1503741821.png
NBA,Los Angeles Clippers,https://r2.thesportsdb.com/images/media/team/badge/3gtb8s1719303125.png
NBA,Los Angeles Lakers,https://r2.thesportsdb.com/images/media/team/badge/d8uoxw1714254511.png
NBA,Memphis Grizzlies,https://r2.thesportsdb.com/images/media/team/badge/m64v461565196789.png
NBA,Miami Heat,https://r2.thesportsdb.com/images/media/team/badge/5v67x51547214763.png
NBA,Milwaukee Bucks,https://r2.thesportsdb.com/images/media/team/badge/olhug01621594702.png
NBA,Minnesota Timberwolves,https://r2.thesportsdb.com/images/media/team/badge/5xpgjg1621594771.png
NBA,New Orleans Pelicans,https://r2.thesportsdb.com/images/media/team/badge/cak6261696446261.png
NBA,New York Knicks,https://r2.thesportsdb.com/images/media/team/badge/wyhpuf1511810435.png
NBA,Oklahoma City Thunder,https://www.thesportsdb.com/images/media/team/badge/27v8861746610370.png
NBA,Orlando Magic,https://r2.thesportsdb.com/images/media/team/badge/f2wcro1696446120.png
NBA,Philadelphia 76ers,https://r2.thesportsdb.com/images/media/team/badge/71545f1518464849.png
NBA,Phoenix Suns,https://r2.thesportsdb.com/images/media/team/badge/qrtuxq1422919040.png
NBA,Portland Trail Blazers,https://r2.thesportsdb.com/images/media/team/badge/ljkd1r1696445959.png
NBA,Sacramento Kings,https://r2.thesportsdb.com/images/media/team/badge/5d3dpz1611859587.png
NBA,San Antonio Spurs,https://r2.thesportsdb.com/images/media/team/badge/obucan1611859537.png
NBA,Toronto Raptors,https://r2.thesportsdb.com/images/media/team/badge/ax36vz1635070057.png
NBA,Utah Jazz,https://r2.thesportsdb.com/images/media/team/badge/ne4a051664478964.png
NBA,Washington Wizards,https://r2.thesportsdb.com/images/media/team/badge/rhxi9w1621594729.png
MLB,Arizona Diamondbacks,https://r2.thesportsdb.com/images/media/team/badge/xe5wlo1713861863.png
MLB,Athletics,https://r2.thesportsdb.com/images/media/team/badge/cyvrv31741640777.png
MLB,Atlanta Braves,https://r2.thesportsdb.com/images/media/team/badge/yjs76e1617811496.png
MLB,Baltimore Orioles,https://r2.thesportsdb.com/images/media/team/badge/ytywvu1431257088.png
MLB,Boston Red Sox,https://r2.thesportsdb.com/images/media/team/badge/stpsus1425120215.png
MLB,Chicago Cubs,https://r2.thesportsdb.com/images/media/team/badge/wxbe071521892391.png
MLB,Chicago White Sox,https://r2.thesportsdb.com/images/media/team/badge/yyz5dh1554140884.png
MLB,Cincinnati Reds,https://r2.thesportsdb.com/images/media/team/badge/wspusr1431538832.png
MLB,Cleveland Guardians,https://r2.thesportsdb.com/images/media/team/badge/3zvzao1640964590.png
MLB,Colorado Rockies,https://r2.thesportsdb.com/images/media/team/badge/r7q6ko1687608395.png
MLB,Detroit Tigers,https://r2.thesportsdb.com/images/media/team/badge/9dib6o1554032173.png
MLB,Houston Astros,https://r2.thesportsdb.com/images/media/team/badge/miwigx1521893583.png
MLB,Kansas City Royals,https://r2.thesportsdb.com/images/media/team/badge/ii3rz81554031260.png
MLB,Los Angeles Angels,https://r2.thesportsdb.com/images/media/team/badge/vswsvx1432577476.png
MLB,Los Angeles Dodgers,https://r2.thesportsdb.com/images/media/team/badge/p2oj631663889783.png
MLB,Miami Marlins,https://r2.thesportsdb.com/images/media/team/badge/0722fs1546001701.png
MLB,Milwaukee Brewers,https://r2.thesportsdb.com/images/media/team/badge/08kh2a1595775193.png
MLB,Minnesota Twins,https://r2.thesportsdb.com/images/media/team/badge/necd5v1521905719.png
MLB,New York Mets,https://r2.thesportsdb.com/images/media/team/badge/rxqspq1431540337.png
MLB,New York Yankees,https://r2.thesportsdb.com/images/media/team/badge/wqwwxx1423478766.png
MLB,Philadelphia Phillies,https://r2.thesportsdb.com/images/media/team/badge/3xrldf1617528682.png
MLB,Pittsburgh Pirates,https://r2.thesportsdb.com/images/media/team/badge/kw6uqr1617527138.png
MLB,San Diego Padres,https://r2.thesportsdb.com/images/media/team/badge/6wt1cn1617527530.png
MLB,San Francisco Giants,https://r2.thesportsdb.com/images/media/team/badge/mq81yb1521896622.png
MLB,Seattle Mariners,https://r2.thesportsdb.com/images/media/team/badge/39x9ph1521903933.png
MLB,St. Louis Cardinals,https://r2.thesportsdb.com/images/media/team/badge/uvyvyr1424003273.png
MLB,Tampa Bay Rays,https://r2.thesportsdb.com/images/media/team/badge/littyt1554031623.png
MLB,Texas Rangers,https://r2.thesportsdb.com/images/media/team/badge/qt9qki1521893151.png
MLB,Toronto Blue Jays,https://r2.thesportsdb.com/images/media/team/badge/f9zk3l1617527686.png
MLB,Washington Nationals,https://r2.thesportsdb.com/images/media/team/badge/wpqrut1423694764.png
NHL,Anaheim Ducks,https://r2.thesportsdb.com/images/media/team/badge/1d465t1719573796.png
NHL,Boston Bruins,https://r2.thesportsdb.com/images/media/team/badge/b1r86e1720023232.png
NHL,Buffalo Sabres,https://r2.thesportsdb.com/images/media/team/badge/3m3jhp1619536655.png
NHL,Calgary Flames,https://r2.thesportsdb.com/images/media/team/badge/v8vkk11619536610.png
NHL,Carolina Hurricanes,https://r2.thesportsdb.com/images/media/team/badge/v07m3x1547232585.png
NHL,Chicago Blackhawks,https://r2.thesportsdb.com/images/media/team/badge/tuwyvr1422041801.png
NHL,Colorado Avalanche,https://r2.thesportsdb.com/images/media/team/badge/wqutut1421173572.png
NHL,Columbus Blue Jackets,https://r2.thesportsdb.com/images/media/team/badge/ssytwt1421792535.png
NHL,Dallas Stars,https://r2.thesportsdb.com/images/media/team/badge/qrvywq1422042125.png
NHL,Detroit Red Wings,https://r2.thesportsdb.com/images/media/team/badge/1c24ow1546544080.png
NHL,Edmonton Oilers,https://r2.thesportsdb.com/images/media/team/badge/uxxsyw1421618428.png
NHL,Florida Panthers,https://r2.thesportsdb.com/images/media/team/badge/8qtaz11547158220.png
NHL,Los Angeles Kings,https://r2.thesportsdb.com/images/media/team/badge/w408rg1719220748.png
NHL,Minnesota Wild,https://r2.thesportsdb.com/images/media/team/badge/swtsxs1422042685.png
NHL,Montreal Canadiens,https://r2.thesportsdb.com/images/media/team/badge/stpryx1421791753.png
NHL,Nashville Predators,https://r2.thesportsdb.com/images/media/team/badge/twqyvy1422052908.png
NHL,New Jersey Devils,https://r2.thesportsdb.com/images/media/team/badge/z4rsvp1619536740.png
NHL,New York Islanders,https://r2.thesportsdb.com/images/media/team/badge/hqn8511619536714.png
NHL,New York Rangers,https://r2.thesportsdb.com/images/media/team/badge/bez4251546192693.png
NHL,Ottawa Senators,https://r2.thesportsdb.com/images/media/team/badge/2tc1qy1619536592.png
NHL,Philadelphia Flyers,https://r2.thesportsdb.com/images/media/team/badge/qxxppp1421794965.png
NHL,Pittsburgh Penguins,https://r2.thesportsdb.com/images/media/team/badge/dsj3on1546192477.png
NHL,San Jose Sharks,https://r2.thesportsdb.com/images/media/team/badge/yui7871546193006.png
NHL,Seattle Kraken,https://r2.thesportsdb.com/images/media/team/badge/zsx49m1595775836.png
NHL,St. Louis Blues,https://r2.thesportsdb.com/images/media/team/badge/rsqtwx1422053715.png
NHL,Tampa Bay Lightning,https://r2.thesportsdb.com/images/media/team/badge/swysut1421791822.png
NHL,Toronto Maple Leafs,https://r2.thesportsdb.com/images/media/team/badge/mxig4p1570129307.png
NHL,Utah Mammoth,https://www.thesportsdb.com/images/media/team/badge/w5m2ab1746690303.png
NHL,Vancouver Canucks,https://r2.thesportsdb.com/images/media/team/badge/xqxxpw1421875519.png
NHL,Vegas Golden Knights,https://r2.thesportsdb.com/images/media/team/badge/7fd4521619536689.png
NHL,Washington Capitals,https://r2.thesportsdb.com/images/media/team/badge/99ca9a1638974052.png
NHL,Winnipeg Jets,https://r2.thesportsdb.com/images/media/team/badge/bwn9hr1547233611.png
La Liga,Alaves,https://r2.thesportsdb.com/images/media/team/badge/mfn99h1734673842.png
La Liga,Athletic Bilbao,https://r2.thesportsdb.com/images/media/team/badge/68w7fe1639408210.png
La Liga,Atletico Madrid,https://r2.thesportsdb.com/images/media/team/badge/0ulh3q1719984315.png
La Liga,Barcelona,https://r2.thesportsdb.com/images/media/team/badge/wq9sir1639406443.png
La Liga,Celta Vigo,https://r2.thesportsdb.com/images/media/team/badge/xfjtku1690436219.png
La Liga,Espanyol,https://r2.thesportsdb.com/images/media/team/badge/867nzz1681703222.png
La Liga,Getafe,https://r2.thesportsdb.com/images/media/team/badge/eyh2891655594452.png
La Liga,Girona,https://r2.thesportsdb.com/images/media/team/badge/kfu7zu1659897499.png
La Liga,Las Palmas,https://r2.thesportsdb.com/images/media/team/badge/mmhyb11616443601.png
La Liga,Leganes,https://r2.thesportsdb.com/images/media/team/badge/tm0adr1616443898.png
La Liga,Mallorca,https://r2.thesportsdb.com/images/media/team/badge/ssptsx1473503730.png
La Liga,Osasuna,https://r2.thesportsdb.com/images/media/team/badge/rvspvt1473502960.png
La Liga,Real Betis,https://r2.thesportsdb.com/images/media/team/badge/2oqulv1663245386.png
La Liga,Real Madrid,https://r2.thesportsdb.com/images/media/team/badge/vwvwrw1473502969.png
La Liga,Real Sociedad,https://r2.thesportsdb.com/images/media/team/badge/vptvpr1473502986.png
La Liga,Sevilla,https://r2.thesportsdb.com/images/media/team/badge/vpsqqx1473502977.png
La Liga,Valencia,https://r2.thesportsdb.com/images/media/team/badge/dm8l6o1655594864.png
La Liga,Valladolid,https://r2.thesportsdb.com/images/media/team/badge/bnhu8b1719983736.png
La Liga,Vallecano,https://r2.thesportsdb.com/images/media/team/badge/nzhu941655595465.png
La Liga,Villarreal,https://r2.thesportsdb.com/images/media/team/badge/vrypqy1473503073.png
NCAA Football,Abilene Christian,https://r2.thesportsdb.com/images/media/team/badge/sp2y721564356285.png
NCAA Football,Air Force,https://r2.thesportsdb.com/images/media/team/badge/e6uuy31564335414.png
NCAA Football,Akron,https://r2.thesportsdb.com/images/media/team/badge/z6bowf1642618359.png
NCAA Football,Alabama,https://r2.thesportsdb.com/images/media/team/badge/9phwqo1564335442.png
NCAA Football,Alabama A and M,https://r2.thesportsdb.com/images/media/team/badge/h5op3o1564356307.png
NCAA Football,Alabama State,https://r2.thesportsdb.com/images/media/team/badge/vv7mkf1564356318.png
NCAA Football,Albany,https://r2.thesportsdb.com/images/media/team/badge/sy2vfp1641186482.png
NCAA Football,Alcorn State,https://r2.thesportsdb.com/images/media/team/badge/cppo791564356343.png
NCAA Football,Appalachian State,https://r2.thesportsdb.com/images/media/team/badge/0qlwu41564335456.png
NCAA Football,Arizona,https://r2.thesportsdb.com/images/media/team/badge/kq29h81564335468.png
NCAA Football,Arizona State,https://r2.thesportsdb.com/images/media/team/badge/vl7snd1564335486.png
NCAA Football,Arkansas,https://r2.thesportsdb.com/images/media/team/badge/ld6vr01564335507.png
NCAA Football,Arkansas State,https://r2.thesportsdb.com/images/media/team/badge/2ltd3o1564335519.png
NCAA Football,Arkansas-Pine Bluff,https://r2.thesportsdb.com/images/media/team/badge/t83v6e1564356354.png
NCAA Football,Army,https://r2.thesportsdb.com/images/media/team/badge/4bkc0u1564335535.png
NCAA Football,Auburn,https://r2.thesportsdb.com/images/media/team/badge/tfd71j1564335548.png
NCAA Football,Austin Peay,https://r2.thesportsdb.com/images/media/team/badge/scfd6a1564356368.png
NCAA Football,Ball State,https://r2.thesportsdb.com/images/media/team/badge/vvm4051564335560.png
NCAA Football,Baylor,https://r2.thesportsdb.com/images/media/team/badge/jg7d4u1564335573.png
NCAA Football,Bethune-Cookman,https://r2.thesportsdb.com/images/media/team/badge/e5u35p1564356390.png
NCAA Football,Boise State,https://r2.thesportsdb.com/images/media/team/badge/xoc6qn1564335585.png
NCAA Football,Boston College,https://r2.thesportsdb.com/images/media/team/badge/rjcv1o1564335608.png
NCAA Football,Bowling Green,https://r2.thesportsdb.com/images/media/team/badge/myeqvv1564335625.png
NCAA Football,Brown,https://r2.thesportsdb.com/images/media/team/badge/0vnxzs1564356402.png
NCAA Football,Bryant,https://r2.thesportsdb.com/images/media/team/badge/1cewbd1564356412.png
NCAA Football,Bucknell,https://r2.thesportsdb.com/images/media/team/badge/tv80hi1564356422.png
NCAA Football,Buffalo,https://r2.thesportsdb.com/images/media/team/badge/yn23zn1564335641.png
NCAA Football,Butler,https://r2.thesportsdb.com/images/media/team/badge/uhndgs1564356431.png
NCAA Football,BYU,https://r2.thesportsdb.com/images/media/team/badge/ypg2cw1641184997.png
NCAA Football,Cal Poly,https://r2.thesportsdb.com/images/media/team/badge/bu56i61564356445.png
NCAA Football,California,https://r2.thesportsdb.com/images/media/team/badge/l4qxzs1564335666.png
NCAA Football,Campbell,https://r2.thesportsdb.com/images/media/team/badge/xm0tn51564356479.png
NCAA Football,Central Arkansas,https://r2.thesportsdb.com/images/media/team/badge/37ylja1641185981.png
NCAA Football,Central Connecticut,https://r2.thesportsdb.com/images/media/team/badge/wiuf211564356501.png
NCAA Football,Central Michigan,https://r2.thesportsdb.com/images/media/team/badge/w4khb21564335681.png
NCAA Football,Charleston Southern,https://r2.thesportsdb.com/images/media/team/badge/ulkb181564356515.png
NCAA Football,Charlotte,https://r2.thesportsdb.com/images/media/team/badge/h09jf41564335694.png
NCAA Football,Chattanooga,https://r2.thesportsdb.com/images/media/team/badge/9ztgeu1564356524.png
NCAA Football,Cincinnati,https://r2.thesportsdb.com/images/media/team/badge/v2nns51567108787.png
NCAA Football,Clemson,https://r2.thesportsdb.com/images/media/team/badge/uj6mri1564335728.png
NCAA Football,Coastal Carolina,https://r2.thesportsdb.com/images/media/team/badge/p3jizw1564335745.png
NCAA Football,Colgate,https://r2.thesportsdb.com/images/media/team/badge/7q9nro1564356542.png
NCAA Football,Colorado,https://r2.thesportsdb.com/images/media/team/badge/fo0l7i1564335758.png
NCAA Football,Colorado State,https://r2.thesportsdb.com/images/media/team/badge/o3mzt61564335773.png
NCAA Football,Columbia,https://r2.thesportsdb.com/images/media/team/badge/0wdnvj1564356552.png
NCAA Football,Cornell,https://r2.thesportsdb.com/images/media/team/badge/nzzfv81564356563.png
NCAA Football,Dartmouth,https://r2.thesportsdb.com/images/media/team/badge/i66usz1564356574.png
NCAA Football,Davidson,https://r2.thesportsdb.com/images/media/team/badge/r6b8o41564356586.png
NCAA Football,Dayton,https://r2.thesportsdb.com/images/media/team/badge/c8577h1564356596.png
NCAA Football,Delaware,https://r2.thesportsdb.com/images/media/team/badge/dfwimk1564356605.png
NCAA Football,Delaware State,https://r2.thesportsdb.com/images/media/team/badge/kgk9xc1564356619.png
NCAA Football,Drake,https://r2.thesportsdb.com/images/media/team/badge/xswen91564356633.png
NCAA Football,Duke,https://r2.thesportsdb.com/images/media/team/badge/lw480n1564335789.png
NCAA Football,Duquesne,https://r2.thesportsdb.com/images/media/team/badge/5o73fa1666174247.png
NCAA Football,East Carolina,https://r2.thesportsdb.com/images/media/team/badge/tvf3xp1564335802.png
NCAA Football,East Tennessee State,https://r2.thesportsdb.com/images/media/team/badge/p7jk7i1564356656.png
NCAA Football,Eastern Illinois,https://r2.thesportsdb.com/images/media/team/badge/w273ul1564356668.png
NCAA Football,Eastern Kentucky,https://r2.thesportsdb.com/images/media/team/badge/wqzd8n1641186030.png
NCAA Football,Eastern Michigan,https://r2.thesportsdb.com/images/media/team/badge/7a4tj21564335825.png
NCAA Football,Eastern Washington,https://r2.thesportsdb.com/images/media/team/badge/54hvdf1564356694.png
NCAA Football,Elon,https://r2.thesportsdb.com/images/media/team/badge/ni1cv01590490638.png
NCAA Football,FIU,https://r2.thesportsdb.com/images/media/team/badge/cdys521564335854.png
NCAA Football,Florida,https://r2.thesportsdb.com/images/media/team/badge/13ybv61564335868.png
NCAA Football,Florida A and M,https://r2.thesportsdb.com/images/media/team/badge/dr4e2a1564356724.png
NCAA Football,Florida Atlantic,https://r2.thesportsdb.com/images/media/team/badge/a72jia1666264331.png
NCAA Football,Florida State,https://r2.thesportsdb.com/images/media/team/badge/e5uzkd1642618216.png
NCAA Football,Fordham,https://r2.thesportsdb.com/images/media/team/badge/tjambo1564356736.png
NCAA Football,Fresno State,https://r2.thesportsdb.com/images/media/team/badge/0hcagy1564335911.png
NCAA Football,Furman,https://r2.thesportsdb.com/images/media/team/badge/49b9f21564356747.png
NCAA Football,Gardner-Webb,https://r2.thesportsdb.com/images/media/team/badge/xrl8641564356758.png
NCAA Football,Georgetown,https://r2.thesportsdb.com/images/media/team/badge/feilur1564356770.png
NCAA Football,Georgia,https://r2.thesportsdb.com/images/media/team/badge/so7nct1641185101.png
NCAA Football,Georgia Southern,https://r2.thesportsdb.com/images/media/team/badge/93j5w61643576745.png
NCAA Football,Georgia State,https://r2.thesportsdb.com/images/media/team/badge/4ym7d91564335942.png
NCAA Football,Georgia Tech,https://r2.thesportsdb.com/images/media/team/badge/djodog1642631369.png
NCAA Football,Grambling State,https://r2.thesportsdb.com/images/media/team/badge/gfkmkt1564356783.png
NCAA Football,Hampton,https://r2.thesportsdb.com/images/media/team/badge/duba0i1564356800.png
NCAA Football,Harvard,https://r2.thesportsdb.com/images/media/team/badge/aluiqt1564356811.png
NCAA Football,Hawaii,https://r2.thesportsdb.com/images/media/team/badge/qfl0dm1564335972.png
NCAA Football,Holy Cross,https://r2.thesportsdb.com/images/media/team/badge/ylpo3m1564356823.png
NCAA Football,Houston,https://r2.thesportsdb.com/images/media/team/badge/xznb791564335987.png
NCAA Football,Houston Baptist,https://r2.thesportsdb.com/images/media/team/badge/0o1x6k1564356835.png
NCAA Football,Howard,https://r2.thesportsdb.com/images/media/team/badge/oohvcl1564356852.png
NCAA Football,Idaho,https://r2.thesportsdb.com/images/media/team/badge/j6mbzk1642618619.png
NCAA Football,Idaho State,https://r2.thesportsdb.com/images/media/team/badge/dx268i1564356893.png
NCAA Football,Illinois,https://r2.thesportsdb.com/images/media/team/badge/qmgdlg1564336005.png
NCAA Football,Illinois State,https://r2.thesportsdb.com/images/media/team/badge/xucvxa1564356903.png
NCAA Football,Incarnate Word,https://r2.thesportsdb.com/images/media/team/badge/bxd73u1564356920.png
NCAA Football,Indiana,https://r2.thesportsdb.com/images/media/team/badge/pwcsog1564336028.png
NCAA Football,Indiana State,https://r2.thesportsdb.com/images/media/team/badge/tt6k7q1567268208.png
NCAA Football,Iowa,https://r2.thesportsdb.com/images/media/team/badge/hl927m1740945744.png
NCAA Football,Iowa State,https://r2.thesportsdb.com/images/media/team/badge/4jixla1564336059.png
NCAA Football,Jackson State,https://r2.thesportsdb.com/images/media/team/badge/zvb5721564356954.png
NCAA Football,Jacksonville State,https://r2.thesportsdb.com/images/media/team/badge/66u2j51564356985.png
NCAA Football,James Madison,https://r2.thesportsdb.com/images/media/team/badge/fdqmd11564356998.png
NCAA Football,Kansas,https://r2.thesportsdb.com/images/media/team/badge/u2u79k1567267891.png
NCAA Football,Kansas State,https://r2.thesportsdb.com/images/media/team/badge/h1yxnm1564336087.png
NCAA Football,Kennesaw State,https://r2.thesportsdb.com/images/media/team/badge/0fgnub1564357017.png
NCAA Football,Kent State,https://r2.thesportsdb.com/images/media/team/badge/v44r9o1564336098.png
NCAA Football,Kentucky,https://r2.thesportsdb.com/images/media/team/badge/zbfves1564336111.png
NCAA Football,Lafayette,https://r2.thesportsdb.com/images/media/team/badge/ckx2e31564357032.png
NCAA Football,Lamar,https://r2.thesportsdb.com/images/media/team/badge/r8nqou1564357043.png
NCAA Football,Lehigh,https://r2.thesportsdb.com/images/media/team/badge/mbtef81564357063.png
NCAA Football,Liberty,https://r2.thesportsdb.com/images/media/team/badge/z26guc1564336125.png
NCAA Football,Lindenwood,https://r2.thesportsdb.com/images/media/team/badge/uekg751725018489.png
NCAA Football,Long Island,https://r2.thesportsdb.com/images/media/team/badge/xhvw7v1571583656.png
NCAA Football,Louisiana,https://r2.thesportsdb.com/images/media/team/badge/f3t31f1564336137.png
NCAA Football,Louisiana Tech,https://r2.thesportsdb.com/images/media/team/badge/3tshlf1564336155.png
NCAA Football,Louisiana-Monroe,https://r2.thesportsdb.com/images/media/team/badge/89xsqo1641185759.png
NCAA Football,Louisville,https://r2.thesportsdb.com/images/media/team/badge/eb6qjl1564336166.png
NCAA Football,LSU,https://r2.thesportsdb.com/images/media/team/badge/jcj91i1564336177.png
NCAA Football,Maine,https://r2.thesportsdb.com/images/media/team/badge/8gu3u81641186751.png
NCAA Football,Marist,https://r2.thesportsdb.com/images/media/team/badge/kuhc361564357092.png
NCAA Football,Marshall,https://r2.thesportsdb.com/images/media/team/badge/9hakac1643576435.png
NCAA Football,Maryland,https://r2.thesportsdb.com/images/media/team/badge/n5usgw1738413354.png
NCAA Football,McNeese State,https://r2.thesportsdb.com/images/media/team/badge/c498av1564357104.png
NCAA Football,Memphis,https://r2.thesportsdb.com/images/media/team/badge/wvucol1564336213.png
NCAA Football,Mercer,https://r2.thesportsdb.com/images/media/team/badge/lz14oz1564357117.png
NCAA Football,Merrimack,https://r2.thesportsdb.com/images/media/team/badge/ex5l5w1564409601.png
NCAA Football,Miami (FL),https://r2.thesportsdb.com/images/media/team/badge/0kqdcr1564336226.png
NCAA Football,Miami (OH),https://r2.thesportsdb.com/images/media/team/badge/9omzk31564336236.png
NCAA Football,Michigan,https://r2.thesportsdb.com/images/media/team/badge/17dz0w1666300696.png
NCAA Football,Michigan State,https://r2.thesportsdb.com/images/media/team/badge/2xn7yd1564336256.png
NCAA Football,Middle Tennessee,https://r2.thesportsdb.com/images/media/team/badge/0x4wrc1738493526.png
NCAA Football,Minnesota,https://r2.thesportsdb.com/images/media/team/badge/yi3r291564336279.png
NCAA Football,Mississippi State,https://r2.thesportsdb.com/images/media/team/badge/76t8hm1720336193.png
NCAA Football,Mississippi Valley State,https://r2.thesportsdb.com/images/media/team/badge/sjqrwh1564357133.png
NCAA Football,Missouri,https://r2.thesportsdb.com/images/media/team/badge/pa58ef1564336303.png
NCAA Football,Missouri State,https://r2.thesportsdb.com/images/media/team/badge/outdlf1564357157.png
NCAA Football,Monmouth,https://r2.thesportsdb.com/images/media/team/badge/hz6qko1641185222.png
NCAA Football,Montana,https://r2.thesportsdb.com/images/media/team/badge/4yditr1564357194.png
NCAA Football,Montana State,https://r2.thesportsdb.com/images/media/team/badge/9tsmzq1564357211.png
NCAA Football,Morehead State,https://r2.thesportsdb.com/images/media/team/badge/c1qxce1564357224.png
NCAA Football,Morgan State,https://r2.thesportsdb.com/images/media/team/badge/e669bn1564357240.png
NCAA Football,Murray State,https://r2.thesportsdb.com/images/media/team/badge/z34gzs1564357253.png
NCAA Football,Navy,https://r2.thesportsdb.com/images/media/team/badge/y9dlzu1564336318.png
NCAA Football,NC State,https://r2.thesportsdb.com/images/media/team/badge/ruwa1o1641184063.png
NCAA Football,Nebraska,https://r2.thesportsdb.com/images/media/team/badge/ji985m1666432245.png
NCAA Football,Nevada,https://r2.thesportsdb.com/images/media/team/badge/dbgpk81642633288.png
NCAA Football,New Hampshire,https://r2.thesportsdb.com/images/media/team/badge/tgm44s1564357267.png
NCAA Football,New Mexico,https://r2.thesportsdb.com/images/media/team/badge/dpo6hf1564336363.png
NCAA Football,New Mexico State,https://r2.thesportsdb.com/images/media/team/badge/k8qb1s1564336377.png
NCAA Football,Nicholls,https://r2.thesportsdb.com/images/media/team/badge/whnpdz1564357285.png
NCAA Football,Norfolk State,https://r2.thesportsdb.com/images/media/team/badge/wj74vd1564357299.png
NCAA Football,North Alabama,https://r2.thesportsdb.com/images/media/team/badge/egkhkd1564409636.png
NCAA Football,North Carolina,https://r2.thesportsdb.com/images/media/team/badge/cux1ca1564336390.png
NCAA Football,North Carolina A and T,https://r2.thesportsdb.com/images/media/team/badge/3tekvm1564357322.png
NCAA Football,North Carolina Central,https://r2.thesportsdb.com/images/media/team/badge/48bx4k1564357341.png
NCAA Football,North Dakota,https://r2.thesportsdb.com/images/media/team/badge/rlvfw81564357369.png
NCAA Football,North Dakota State,https://r2.thesportsdb.com/images/media/team/badge/35rm031564357382.png
NCAA Football,North Texas,https://r2.thesportsdb.com/images/media/team/badge/pbaycq1564336435.png
NCAA Football,Northern Arizona,https://r2.thesportsdb.com/images/media/team/badge/cjcw5w1564357412.png
NCAA Football,Northern Colorado,https://r2.thesportsdb.com/images/media/team/badge/xzxd1c1564357428.png
NCAA Football,Northern Illinois,https://r2.thesportsdb.com/images/media/team/badge/ptrbw61564336450.png
NCAA Football,Northern Iowa,https://r2.thesportsdb.com/images/media/team/badge/fwh94e1564357444.png
NCAA Football,Northwestern,https://r2.thesportsdb.com/images/media/team/badge/k26rrt1642618418.png
NCAA Football,Northwestern State,https://r2.thesportsdb.com/images/media/team/badge/whlpfl1564357457.png
NCAA Football,Notre Dame,https://r2.thesportsdb.com/images/media/team/badge/w0jd2o1564336487.png
NCAA Football,Ohio,https://r2.thesportsdb.com/images/media/team/badge/uggxw21564336498.png
NCAA Football,Ohio State,https://r2.thesportsdb.com/images/media/team/badge/egfzq81564336508.png
NCAA Football,Oklahoma,https://r2.thesportsdb.com/images/media/team/badge/pfm7mq1564336521.png
NCAA Football,Oklahoma State,https://r2.thesportsdb.com/images/media/team/badge/7ymwdt1564336530.png
NCAA Football,Old Dominion,https://r2.thesportsdb.com/images/media/team/badge/2opepc1564336540.png
NCAA Football,Ole Miss,https://r2.thesportsdb.com/images/media/team/badge/l74mp21564336550.png
NCAA Football,Oregon,https://r2.thesportsdb.com/images/media/team/badge/p7qmdy1564336566.png
NCAA Football,Oregon State,https://r2.thesportsdb.com/images/media/team/badge/pisnoj1564336578.png
NCAA Football,Penn,https://r2.thesportsdb.com/images/media/team/badge/75xpln1564357477.png
NCAA Football,Penn State,https://r2.thesportsdb.com/images/media/team/badge/q1t6wc1568478893.png
NCAA Football,Pittsburgh,https://r2.thesportsdb.com/images/media/team/badge/x3hydm1568478796.png
NCAA Football,Portland State,https://r2.thesportsdb.com/images/media/team/badge/nxevop1564357492.png
NCAA Football,Prairie View A and M,https://r2.thesportsdb.com/images/media/team/badge/q647lf1564357504.png
NCAA Football,Presbyterian,https://r2.thesportsdb.com/images/media/team/badge/crgq3h1564357538.png
NCAA Football,Princeton,https://r2.thesportsdb.com/images/media/team/badge/jctpri1564357550.png
NCAA Football,Purdue,https://r2.thesportsdb.com/images/media/team/badge/mgmssw1641184671.png
NCAA Football,Rhode Island,https://r2.thesportsdb.com/images/media/team/badge/w862tp1564357561.png
NCAA Football,Rice,https://r2.thesportsdb.com/images/media/team/badge/57tbpf1564336630.png
NCAA Football,Richmond,https://r2.thesportsdb.com/images/media/team/badge/9ci0hi1643576870.png
NCAA Football,Robert Morris,https://r2.thesportsdb.com/images/media/team/badge/v51r5d1564357587.png
NCAA Football,Rutgers,https://r2.thesportsdb.com/images/media/team/badge/5vmsmr1564336642.png
NCAA Football,Sacramento State,https://r2.thesportsdb.com/images/media/team/badge/m8dpmp1564357599.png
NCAA Football,Sacred Heart,https://r2.thesportsdb.com/images/media/team/badge/57d1ih1564357614.png
NCAA Football,Saint Francis,https://r2.thesportsdb.com/images/media/team/badge/3s38pd1564357625.png
NCAA Football,Sam Houston State,https://r2.thesportsdb.com/images/media/team/badge/24i8ua1642638402.png
NCAA Football,Samford,https://r2.thesportsdb.com/images/media/team/badge/60hf2p1564357671.png
NCAA Football,San Diego,https://r2.thesportsdb.com/images/media/team/badge/r1kbgy1564357684.png
NCAA Football,San Diego State,https://r2.thesportsdb.com/images/media/team/badge/96q3ry1564336657.png
NCAA Football,San Jose State,https://r2.thesportsdb.com/images/media/team/badge/5q97c21564336668.png
NCAA Football,Savannah State,https://r2.thesportsdb.com/images/media/team/badge/qieohd1564409669.png
NCAA Football,SMU,https://r2.thesportsdb.com/images/media/team/badge/csw4ek1564336678.png
NCAA Football,South Alabama,https://r2.thesportsdb.com/images/media/team/badge/vlya5x1641184721.png
NCAA Football,South Carolina,https://r2.thesportsdb.com/images/media/team/badge/yk1lc61740945178.png
NCAA Football,South Carolina State,https://r2.thesportsdb.com/images/media/team/badge/p3h5zx1564357700.png
NCAA Football,South Dakota,https://r2.thesportsdb.com/images/media/team/badge/r1l1u61564357712.png
NCAA Football,South Dakota State,https://r2.thesportsdb.com/images/media/team/badge/nos9v11564357726.png
NCAA Football,South Florida,https://r2.thesportsdb.com/images/media/team/badge/30r5fn1564336938.png
NCAA Football,Southeast Missouri State,https://r2.thesportsdb.com/images/media/team/badge/0jw7qv1564357740.png
NCAA Football,Southeastern Louisiana,https://r2.thesportsdb.com/images/media/team/badge/zz7ad11564357762.png
NCAA Football,Southern,https://r2.thesportsdb.com/images/media/team/badge/lfzgcu1564357775.png
NCAA Football,Southern Illinois,https://r2.thesportsdb.com/images/media/team/badge/gfed1x1642618522.png
NCAA Football,Southern Miss,https://r2.thesportsdb.com/images/media/team/badge/62zn791564336723.png
NCAA Football,Southern Utah,https://r2.thesportsdb.com/images/media/team/badge/fgq97r1564357803.png
NCAA Football,Stanford,https://r2.thesportsdb.com/images/media/team/badge/47vwmx1564336739.png
NCAA Football,Stephen F. Austin,https://r2.thesportsdb.com/images/media/team/badge/bf59391564357817.png
NCAA Football,Stetson,https://r2.thesportsdb.com/images/media/team/badge/pigbzf1641186386.png
NCAA Football,Stony Brook,https://r2.thesportsdb.com/images/media/team/badge/iw5mgp1642722770.png
NCAA Football,Syracuse,https://r2.thesportsdb.com/images/media/team/badge/kldu091564336752.png
NCAA Football,Tarleton State,https://r2.thesportsdb.com/images/media/team/badge/mhje911658703343.png
NCAA Football,TCU,https://r2.thesportsdb.com/images/media/team/badge/tar4cv1564336761.png
NCAA Football,Temple,https://r2.thesportsdb.com/images/media/team/badge/7ykypw1643210047.png
NCAA Football,Tennessee,https://r2.thesportsdb.com/images/media/team/badge/3ph0z91564336782.png
NCAA Football,Tennessee State,https://r2.thesportsdb.com/images/media/team/badge/iyjm3g1564357880.png
NCAA Football,Tennessee Tech,https://r2.thesportsdb.com/images/media/team/badge/ygibhs1564357892.png
NCAA Football,Texas,https://r2.thesportsdb.com/images/media/team/badge/jjyr0y1564336795.png
NCAA Football,Texas A and M,https://r2.thesportsdb.com/images/media/team/badge/tsu3lj1564336806.png
NCAA Football,Texas A and M Commerce,https://r2.thesportsdb.com/images/media/team/badge/me0gdr1693642345.png
NCAA Football,Texas Southern,https://r2.thesportsdb.com/images/media/team/badge/mjiptf1564357904.png
NCAA Football,Texas State,https://r2.thesportsdb.com/images/media/team/badge/ux54w01564336819.png
NCAA Football,Texas Tech,https://r2.thesportsdb.com/images/media/team/badge/vksj451564336834.png
NCAA Football,The Citadel,https://r2.thesportsdb.com/images/media/team/badge/wp3dr81641185558.png
NCAA Football,Toledo,https://r2.thesportsdb.com/images/media/team/badge/op6auv1564336847.png
NCAA Football,Towson,https://r2.thesportsdb.com/images/media/team/badge/gog8ig1564357927.png
NCAA Football,Troy,https://r2.thesportsdb.com/images/media/team/badge/i1pawc1564336858.png
NCAA Football,Tulane,https://r2.thesportsdb.com/images/media/team/badge/f9a56o1643576580.png
NCAA Football,Tulsa,https://r2.thesportsdb.com/images/media/team/badge/97u0711564336879.png
NCAA Football,UAB,https://r2.thesportsdb.com/images/media/team/badge/dsbj9o1564336891.png
NCAA Football,UC Davis,https://r2.thesportsdb.com/images/media/team/badge/rwsji71564357939.png
NCAA Football,UCF,https://r2.thesportsdb.com/images/media/team/badge/v3nqtc1564336904.png
NCAA Football,UCLA,https://r2.thesportsdb.com/images/media/team/badge/dd0bea1567109356.png
NCAA Football,UConn,https://r2.thesportsdb.com/images/media/team/badge/uzifbr1564336981.png
NCAA Football,UMass,https://r2.thesportsdb.com/images/media/team/badge/ul7y931564336992.png
NCAA Football,UNLV,https://r2.thesportsdb.com/images/media/team/badge/kdsryu1564337003.png
NCAA Football,USC,https://r2.thesportsdb.com/images/media/team/badge/4403h51564337013.png
NCAA Football,UT Martin,https://r2.thesportsdb.com/images/media/team/badge/omy8ht1564357951.png
NCAA Football,Utah,https://r2.thesportsdb.com/images/media/team/badge/4dcpw51564337024.png
NCAA Football,Utah State,https://r2.thesportsdb.com/images/media/team/badge/biszga1564337039.png
NCAA Football,Utah Tech,https://r2.thesportsdb.com/images/media/team/badge/u7oo5w1658703520.png
NCAA Football,UTEP,https://r2.thesportsdb.com/images/media/team/badge/f02pdz1564337050.png
NCAA Football,UTSA,https://r2.thesportsdb.com/images/media/team/badge/lr2f2t1564337059.png
NCAA Football,Valparaiso,https://r2.thesportsdb.com/images/media/team/badge/1ifyws1564357962.png
NCAA Football,Vanderbilt,https://r2.thesportsdb.com/images/media/team/badge/zhtr8b1564337070.png
NCAA Football,Villanova,https://r2.thesportsdb.com/images/media/team/badge/8w35sk1564357973.png
NCAA Football,Virginia,https://r2.thesportsdb.com/images/media/team/badge/2cvvb01641184446.png
NCAA Football,Virginia Tech,https://r2.thesportsdb.com/images/media/team/badge/hwesp71564337090.png
NCAA Football,VMI,https://r2.thesportsdb.com/images/media/team/badge/in47bv1564357984.png
NCAA Football,Wagner,https://r2.thesportsdb.com/images/media/team/badge/21o2tm1564357999.png
NCAA Football,Wake Forest,https://r2.thesportsdb.com/images/media/team/badge/isj3r11564337101.png
NCAA Football,Washington,https://r2.thesportsdb.com/images/media/team/badge/9smu951564337111.png
NCAA Football,Washington State,https://r2.thesportsdb.com/images/media/team/badge/aog7rm1564337122.png
NCAA Football,Weber State,https://r2.thesportsdb.com/images/media/team/badge/gxh2g11564358011.png
NCAA Football,West Virginia,https://r2.thesportsdb.com/images/media/team/badge/yyn0wz1564337133.png
NCAA Football,Western Carolina,https://r2.thesportsdb.com/images/media/team/badge/1qyc651564358021.png
NCAA Football,Western Illinois,https://r2.thesportsdb.com/images/media/team/badge/hyw0571564358030.png
NCAA Football,Western Kentucky,https://r2.thesportsdb.com/images/media/team/badge/o96a831564337158.png
NCAA Football,Western Michigan,https://r2.thesportsdb.com/images/media/team/badge/4nmakk1641186437.png
NCAA Football,William and  Mary,https://r2.thesportsdb.com/images/media/team/badge/6zuw241564358041.png
NCAA Football,Wisconsin,https://r2.thesportsdb.com/images/media/team/badge/vk8twd1564337191.png
NCAA Football,Wofford,https://r2.thesportsdb.com/images/media/team/badge/f99c0m1564358050.png
NCAA Football,Wyoming,https://r2.thesportsdb.com/images/media/team/badge/y93q8d1564337206.png
NCAA Football,Yale,https://r2.thesportsdb.com/images/media/team/badge/g8sp211564358060.png
NCAA Football,Youngstown State,https://r2.thesportsdb.com/images/media/team/badge/ubjb2k1564358069.png
Bundesliga,Bayer Leverkusen,https://r2.thesportsdb.com/images/media/team/badge/3x9k851726760113.png
Bundesliga,Bayern Munich,https://r2.thesportsdb.com/images/media/team/badge/01ogkh1716960412.png
Bundesliga,Bochum,https://r2.thesportsdb.com/images/media/team/badge/kag3jy1599821108.png
Bundesliga,Borussia Dortmund,https://r2.thesportsdb.com/images/media/team/badge/tqo8ge1716960353.png
Bundesliga,Borussia Mönchengladbach,https://r2.thesportsdb.com/images/media/team/badge/sysurw1473453380.png
Bundesliga,Eintracht Frankfurt,https://r2.thesportsdb.com/images/media/team/badge/rurwpy1473453269.png
Bundesliga,FC Augsburg,https://r2.thesportsdb.com/images/media/team/badge/xqyyvq1473453233.png
Bundesliga,FC Heidenheim,https://r2.thesportsdb.com/images/media/team/badge/lbj7g01608236988.png
Bundesliga,Freiburg,https://r2.thesportsdb.com/images/media/team/badge/urwtup1473453288.png
Bundesliga,Hoffenheim,https://r2.thesportsdb.com/images/media/team/badge/9hwvb21621593919.png
Bundesliga,Holstein Kiel,https://r2.thesportsdb.com/images/media/team/badge/1fpmgs1514394524.png
Bundesliga,Mainz,https://r2.thesportsdb.com/images/media/team/badge/fhm9v51552134916.png
Bundesliga,RB Leipzig,https://r2.thesportsdb.com/images/media/team/badge/zjgapo1594244951.png
Bundesliga,St Pauli,https://r2.thesportsdb.com/images/media/team/badge/5qupxa1608237013.png
Bundesliga,Stuttgart,https://r2.thesportsdb.com/images/media/team/badge/yppyux1473454085.png
Bundesliga,Union Berlin,https://r2.thesportsdb.com/images/media/team/badge/q0o5001599679795.png
Bundesliga,Werder Bremen,https://r2.thesportsdb.com/images/media/team/badge/tkvqan1716960454.png
Bundesliga,Wolfsburg,https://r2.thesportsdb.com/images/media/team/badge/07kp421599680274.png
Serie A,AC Milan,https://r2.thesportsdb.com/images/media/team/badge/wvspur1448806617.png
Serie A,Atalanta,https://r2.thesportsdb.com/images/media/team/badge/lrvxg71534873930.png
Serie A,Bologna,https://r2.thesportsdb.com/images/media/team/badge/2qi1u31655592366.png
Serie A,Cagliari,https://r2.thesportsdb.com/images/media/team/badge/wvsvxt1447534471.png
Serie A,Como,https://r2.thesportsdb.com/images/media/team/badge/02x81t1627405841.png
Serie A,Empoli,https://r2.thesportsdb.com/images/media/team/badge/c1ie6b1622561483.png
Serie A,Fiorentina,https://r2.thesportsdb.com/images/media/team/badge/hc8nhu1656098030.png
Serie A,Genoa,https://r2.thesportsdb.com/images/media/team/badge/52s8dn1655553600.png
Serie A,Inter Milan,https://r2.thesportsdb.com/images/media/team/badge/ryhu6d1617113103.png
Serie A,Juventus,https://www.thesportsdb.com/images/media/team/badge/uxf0gr1742983727.png
Serie A,Lazio,https://r2.thesportsdb.com/images/media/team/badge/rwqyvs1448806608.png
Serie A,Lecce,https://r2.thesportsdb.com/images/media/team/badge/j4vznr1567365249.png
Serie A,Monza,https://r2.thesportsdb.com/images/media/team/badge/bxearg1603170113.png
Serie A,Napoli,https://www.thesportsdb.com/images/media/team/badge/l8qyxv1742982541.png
Serie A,Parma Calcio 1913,https://r2.thesportsdb.com/images/media/team/badge/6yiaxs1627406063.png
Serie A,Roma,https://r2.thesportsdb.com/images/media/team/badge/xqpqpq1448806641.png
Serie A,Torino,https://r2.thesportsdb.com/images/media/team/badge/xxprty1448806802.png
Serie A,Udinese,https://r2.thesportsdb.com/images/media/team/badge/vwvstr1448806811.png
Serie A,Venezia,https://r2.thesportsdb.com/images/media/team/badge/95fg4n1656696080.png
Serie A,Verona,https://r2.thesportsdb.com/images/media/team/badge/p6camf1593457737.png
Ligue 1,Angers,https://r2.thesportsdb.com/images/media/team/badge/ix6q4w1678808069.png
Ligue 1,Auxerre,https://r2.thesportsdb.com/images/media/team/badge/lzdtbf1658753355.png
Ligue 1,Brest,https://r2.thesportsdb.com/images/media/team/badge/z69be41598797026.png
Ligue 1,Le Havre,https://r2.thesportsdb.com/images/media/team/badge/aikowk1546475003.png
Ligue 1,Lens,https://r2.thesportsdb.com/images/media/team/badge/3pxoum1598797195.png
Ligue 1,Lille,https://r2.thesportsdb.com/images/media/team/badge/2giize1534005340.png
Ligue 1,Lyon,https://r2.thesportsdb.com/images/media/team/badge/blk9771656932845.png
Ligue 1,Marseille,https://r2.thesportsdb.com/images/media/team/badge/uutsyt1473504764.png
Ligue 1,Monaco,https://r2.thesportsdb.com/images/media/team/badge/exjf5l1678808044.png
Ligue 1,Montpellier,https://r2.thesportsdb.com/images/media/team/badge/ihjm481723228069.png
Ligue 1,Nantes,https://r2.thesportsdb.com/images/media/team/badge/mla9x61678808018.png
Ligue 1,Nice,https://r2.thesportsdb.com/images/media/team/badge/msy7ly1621593859.png
Ligue 1,Paris SG,https://r2.thesportsdb.com/images/media/team/badge/rwqrrq1473504808.png
Ligue 1,Rennes,https://r2.thesportsdb.com/images/media/team/badge/ypturx1473504818.png
Ligue 1,St Etienne,https://r2.thesportsdb.com/images/media/team/badge/m4ej831656423694.png
Ligue 1,Stade de Reims,https://r2.thesportsdb.com/images/media/team/badge/xcrw1b1592925946.png
Ligue 1,Strasbourg,https://r2.thesportsdb.com/images/media/team/badge/yuxtyy1464540071.png
Ligue 1,Toulouse,https://r2.thesportsdb.com/images/media/team/badge/17eqox1688449282.png
MLS,Atlanta United,https://r2.thesportsdb.com/images/media/team/badge/ej091x1602103070.png
MLS,Austin FC,https://r2.thesportsdb.com/images/media/team/badge/a3dlg61595434277.png
MLS,CF Montréal,https://r2.thesportsdb.com/images/media/team/badge/livdl31679344925.png
MLS,Charlotte FC,https://r2.thesportsdb.com/images/media/team/badge/b6p4uz1595434047.png
MLS,Chicago Fire,https://r2.thesportsdb.com/images/media/team/badge/8xuc781639493166.png
MLS,Colorado Rapids,https://r2.thesportsdb.com/images/media/team/badge/uppupv1473536412.png
MLS,Columbus Crew,https://r2.thesportsdb.com/images/media/team/badge/dzs8cp1629059854.png
MLS,DC United,https://r2.thesportsdb.com/images/media/team/badge/uwvsyt1467462609.png
MLS,FC Cincinnati,https://r2.thesportsdb.com/images/media/team/badge/vvhsqc1707631046.png
MLS,FC Dallas,https://r2.thesportsdb.com/images/media/team/badge/vxy8xy1602103187.png
MLS,Houston Dynamo,https://r2.thesportsdb.com/images/media/team/badge/yvz9dq1707631352.png
MLS,Inter Miami,https://r2.thesportsdb.com/images/media/team/badge/m4it3e1602103647.png
MLS,LA Galaxy,https://r2.thesportsdb.com/images/media/team/badge/ysyysr1420227188.png
MLS,Los Angeles FC,https://r2.thesportsdb.com/images/media/team/badge/7nbj2a1602103638.png
MLS,Minnesota United,https://r2.thesportsdb.com/images/media/team/badge/vl67t41492453433.png
MLS,Nashville SC,https://r2.thesportsdb.com/images/media/team/badge/znrwt71602103062.png
MLS,New England Revolution,https://r2.thesportsdb.com/images/media/team/badge/1ula2l1639493143.png
MLS,New York City FC,https://r2.thesportsdb.com/images/media/team/badge/m9vis71735140655.png
MLS,New York Red Bulls,https://r2.thesportsdb.com/images/media/team/badge/suytvy1473536462.png
MLS,Orlando City,https://r2.thesportsdb.com/images/media/team/badge/qyppxw1423832326.png
MLS,Philadelphia Union,https://r2.thesportsdb.com/images/media/team/badge/gyznyo1602103682.png
MLS,Portland Timbers,https://r2.thesportsdb.com/images/media/team/badge/skm30j1557953559.png
MLS,Real Salt Lake,https://r2.thesportsdb.com/images/media/team/badge/kkjlfa1556488022.png
MLS,San Diego FC,https://r2.thesportsdb.com/images/media/team/badge/7ka2xd1734621068.png
MLS,San Jose Earthquakes,https://r2.thesportsdb.com/images/media/team/badge/xyrqqt1420781048.png
MLS,Seattle Sounders FC,https://r2.thesportsdb.com/images/media/team/badge/2dy5cx1706711036.png
MLS,Sporting Kansas City,https://r2.thesportsdb.com/images/media/team/badge/tqupxw1473536504.png
MLS,St. Louis City SC,https://r2.thesportsdb.com/images/media/team/badge/22wanp1674118724.png
MLS,Toronto FC,https://r2.thesportsdb.com/images/media/team/badge/rsxyrr1473536512.png
MLS,Vancouver Whitecaps,https://r2.thesportsdb.com/images/media/team/badge/tpwxpy1473536521.png
Formula 1,Aston Martin Aramco Formula One Team,https://r2.thesportsdb.com/images/media/team/badge/ez5rlk1740774066.png
Formula 1,BWT Alpine Formula One Team,https://r2.thesportsdb.com/images/media/team/badge/ozhoj31740774899.png
Formula 1,McLaren Formula 1 Team,https://www.thesportsdb.com/images/media/team/badge/kzqi7v1743602056.png
Formula 1,Mercedes-AMG PETRONAS Formula One Team,https://www.thesportsdb.com/images/media/team/badge/6caw0r1744037679.png
Formula 1,MoneyGram Haas F1 Team,https://r2.thesportsdb.com/images/media/team/badge/9yp3s51740773680.png
Formula 1,Oracle Red Bull Racing,https://r2.thesportsdb.com/images/media/team/badge/nhlev81679826274.png
Formula 1,Scuderia Ferrari HP,https://r2.thesportsdb.com/images/media/team/badge/rxwsqv1420417429.png
Formula 1,Stake F1 Team Kick Sauber,https://r2.thesportsdb.com/images/media/team/badge/psi58y1709367081.png
Formula 1,Visa Cash App Racing Bulls Formula One Team,https://r2.thesportsdb.com/images/media/team/badge/ot7pjx1740775883.png
Formula 1,Williams Racing,https://r2.thesportsdb.com/images/media/team/badge/fp1cil1740776050.png
WNBA,Atlanta Dream,https://r2.thesportsdb.com/images/media/team/badge/wtqjpk1702757695.png
WNBA,Chicago Sky,https://r2.thesportsdb.com/images/media/team/badge/h4e2t21552585926.png
WNBA,Connecticut Sun,https://r2.thesportsdb.com/images/media/team/badge/p4xzce1552679905.png
WNBA,Dallas Wings,https://r2.thesportsdb.com/images/media/team/badge/vg11pw1552585970.png
WNBA,Golden State Valkyries,https://r2.thesportsdb.com/images/media/team/badge/24p2fj1738315525.png
WNBA,Indiana Fever,https://r2.thesportsdb.com/images/media/team/badge/9xp4y31552586027.png
WNBA,Las Vegas Aces,https://r2.thesportsdb.com/images/media/team/badge/jnvk6x1741462255.png
WNBA,Los Angeles Sparks,https://r2.thesportsdb.com/images/media/team/badge/j70g2o1624031498.png
WNBA,Minnesota Lynx,https://r2.thesportsdb.com/images/media/team/badge/rzyqoj1552586193.png
WNBA,New York Liberty,https://r2.thesportsdb.com/images/media/team/badge/s3y5hx1702757871.png
WNBA,Phoenix Mercury,https://r2.thesportsdb.com/images/media/team/badge/33p4ml1552586302.png
WNBA,Seattle Storm,https://r2.thesportsdb.com/images/media/team/badge/ygz07x1624031566.png
WNBA,Washington Mystics,https://r2.thesportsdb.com/images/media/team/badge/2n9gep1552586413.png
AFL,Adelaide Football Club,https://r2.thesportsdb.com/images/media/team/badge/2nh2z01731592341.png
AFL,Brisbane Lions,https://r2.thesportsdb.com/images/media/team/badge/tvvxvp1474038810.png
AFL,Carlton Football Club,https://r2.thesportsdb.com/images/media/team/badge/k9no791584810309.png
AFL,Collingwood Football Club,https://r2.thesportsdb.com/images/media/team/badge/a2uqkd1584810538.png
AFL,Essendon Football Club,https://r2.thesportsdb.com/images/media/team/badge/xwupps1474039541.png
AFL,Fremantle Football Club,https://r2.thesportsdb.com/images/media/team/badge/hw34ii1647870691.png
AFL,Geelong Football Club,https://r2.thesportsdb.com/images/media/team/badge/xapo7t1647870681.png
AFL,Gold Coast Football Club,https://r2.thesportsdb.com/images/media/team/badge/4os77n1731592560.png
AFL,Greater Western Sydney Giants,https://r2.thesportsdb.com/images/media/team/badge/ef6rqs1647870839.png
AFL,Hawthorn Football Club,https://r2.thesportsdb.com/images/media/team/badge/18y3ks1647870779.png
AFL,Melbourne Football Club,https://r2.thesportsdb.com/images/media/team/badge/xvtstv1474039391.png
AFL,North Melbourne Football Club,https://r2.thesportsdb.com/images/media/team/badge/u5x1ok1584811490.png
AFL,Port Adelaide Football Club,https://r2.thesportsdb.com/images/media/team/badge/7qvqn81584810882.png
AFL,Richmond Football Club,https://r2.thesportsdb.com/images/media/team/badge/xkqlvb1647870792.png
AFL,St Kilda Football Club,https://r2.thesportsdb.com/images/media/team/badge/fvj5ez1732026459.png
AFL,Sydney Swans,https://r2.thesportsdb.com/images/media/team/badge/ndeir91647870648.png
AFL,West Coast Eagles,https://r2.thesportsdb.com/images/media/team/badge/xpcp2f1647870746.png
AFL,Western Bulldogs,https://r2.thesportsdb.com/images/media/team/badge/e3hg551647870757.png
EuroLeague,ALBA Berlin,https://r2.thesportsdb.com/images/media/team/badge/58osvu1545866407.png
EuroLeague,Anadolu Efes SK,https://r2.thesportsdb.com/images/media/team/badge/55wtm81544212863.png
EuroLeague,AS Monaco Basket,https://r2.thesportsdb.com/images/media/team/badge/fl2ti01649168915.png
EuroLeague,Baskonia,https://r2.thesportsdb.com/images/media/team/badge/sudyqn1664475510.png
EuroLeague,Bayern München Basketball,https://r2.thesportsdb.com/images/media/team/badge/z2r3eh1678017187.png
EuroLeague,BC Žalgiris,https://r2.thesportsdb.com/images/media/team/badge/dn7ouv1703960565.png
EuroLeague,FC Barcelona Basquet,https://r2.thesportsdb.com/images/media/team/badge/0tz26j1729097443.png
EuroLeague,Fenerbahçe Basketbol,https://r2.thesportsdb.com/images/media/team/badge/241rc31739659263.png
EuroLeague,KK Crvena zvezda,https://r2.thesportsdb.com/images/media/team/badge/10js2d1673366487.png
EuroLeague,KK Partizan,https://r2.thesportsdb.com/images/media/team/badge/6ej8w01673366572.png
EuroLeague,Lyon-Villeurbanne,https://r2.thesportsdb.com/images/media/team/badge/qbaoia1602706639.png
EuroLeague,Maccabi Tel Aviv BC,https://r2.thesportsdb.com/images/media/team/badge/io01a91521148756.png
EuroLeague,Olimpia Milano,https://r2.thesportsdb.com/images/media/team/badge/7zygn31739658910.png
EuroLeague,Olympiacos BC,https://r2.thesportsdb.com/images/media/team/badge/4s5lug1676581220.png
EuroLeague,Panathinaikos BC,https://r2.thesportsdb.com/images/media/team/badge/y3yipn1739659336.png
EuroLeague,Paris Basketball,https://r2.thesportsdb.com/images/media/team/badge/9q0d6x1726681476.png
EuroLeague,Real Madrid Baloncesto,https://r2.thesportsdb.com/images/media/team/badge/g4ev2c1522175902.png
EuroLeague,Virtus Pallacanestro Bologna,https://r2.thesportsdb.com/images/media/team/badge/bwm0an1739659116.png
NPB,Chiba Lotte Marines,https://r2.thesportsdb.com/images/media/team/badge/na10tn1576008207.png
NPB,Chunichi Dragons,https://r2.thesportsdb.com/images/media/team/badge/jli5jv1576009060.png
NPB,Fukuoka SoftBank Hawks,https://r2.thesportsdb.com/images/media/team/badge/ampozy1576009547.png
NPB,Hanshin Tigers,https://r2.thesportsdb.com/images/media/team/badge/h2jhos1576009994.png
NPB,Hiroshima Toyo Carp,https://r2.thesportsdb.com/images/media/team/badge/bv50e51576010505.png
NPB,Hokkaido Nippon-Ham Fighters,https://r2.thesportsdb.com/images/media/team/badge/qxgzq01576011016.png
NPB,Orix Buffaloes,https://r2.thesportsdb.com/images/media/team/badge/53lv6f1576011517.png
NPB,Saitama Seibu Lions,https://r2.thesportsdb.com/images/media/team/badge/onmvow1576012163.png
NPB,Tohoku Rakuten Golden Eagles,https://r2.thesportsdb.com/images/media/team/badge/qx24pm1576012656.png
NPB,Tokyo Yakult Swallows,https://r2.thesportsdb.com/images/media/team/badge/ryyku01576013231.png
NPB,Yokohama DeNA BayStars,https://r2.thesportsdb.com/images/media/team/badge/fuhqf21576013789.png
NPB,Yomiuri Giants,https://r2.thesportsdb.com/images/media/team/badge/0qyqs41576014298.png
KBO,Doosan Bears,https://r2.thesportsdb.com/images/media/team/badge/2qo9zp1740573854.png
KBO,Hanwha Eagles,https://r2.thesportsdb.com/images/media/team/badge/7aztmc1740573842.png
KBO,Kia Tigers,https://r2.thesportsdb.com/images/media/team/badge/2z389i1648069353.png
KBO,Kiwoom Heroes,https://r2.thesportsdb.com/images/media/team/badge/qcj18p1589709259.png
KBO,KT Wiz,https://r2.thesportsdb.com/images/media/team/badge/qk8erg1589709962.png
KBO,LG Twins,https://r2.thesportsdb.com/images/media/team/badge/ajpsiq1648069368.png
KBO,Lotte Giants,https://www.thesportsdb.com/images/media/team/badge/p7q92w1742225576.png
KBO,NC Dinos,https://r2.thesportsdb.com/images/media/team/badge/6gwcg81589708218.png
KBO,Samsung Lions,https://r2.thesportsdb.com/images/media/team/badge/5u6k511589709673.png
KBO,SSG Landers,https://www.thesportsdb.com/images/media/team/badge/kii9pd1742225451.png
KHL,Admiral Vladivostok,https://r2.thesportsdb.com/images/media/team/badge/q3ukqt1641393028.png
KHL,Ak Bars Kazan,https://r2.thesportsdb.com/images/media/team/badge/fcugks1693637120.png
KHL,Amur Khabarovsk,https://r2.thesportsdb.com/images/media/team/badge/0mvysq1615575890.png
KHL,Avangard Omsk,https://r2.thesportsdb.com/images/media/team/badge/usqllb1615575894.png
KHL,Avtomobilist Yekaterinburg,https://r2.thesportsdb.com/images/media/team/badge/a3aeui1615576069.png
KHL,Barys Nur-Sultan,https://r2.thesportsdb.com/images/media/team/badge/je395l1693637111.png
KHL,CSKA Moscow,https://r2.thesportsdb.com/images/media/team/badge/55x2vg1615576080.png
KHL,Dinamo Minsk,https://r2.thesportsdb.com/images/media/team/badge/j99ran1615576087.png
KHL,Dynamo Moscow,https://r2.thesportsdb.com/images/media/team/badge/27hsew1615576097.png
KHL,HC Lada Togliatti,https://r2.thesportsdb.com/images/media/team/badge/2c63r81734508162.png
KHL,HC Sochi,https://r2.thesportsdb.com/images/media/team/badge/8vc3yx1734508572.png
KHL,Kunlun Red Star,https://r2.thesportsdb.com/images/media/team/badge/48f4ry1615576114.png
KHL,Lokomotiv Yaroslavl,https://r2.thesportsdb.com/images/media/team/badge/u5l89y1615576119.png
KHL,Metallurg Magnitogorsk,https://r2.thesportsdb.com/images/media/team/badge/v9a5tu1615576125.png
KHL,Neftekhimik Nizhnekamsk,https://r2.thesportsdb.com/images/media/team/badge/cttja61615576508.png
KHL,Salavat Yulaev Ufa,https://r2.thesportsdb.com/images/media/team/badge/0ujble1615576276.png
KHL,Severstal Cherepovets,https://r2.thesportsdb.com/images/media/team/badge/ur1mau1615576281.png
KHL,Sibir Novosibirsk,https://r2.thesportsdb.com/images/media/team/badge/55s9q31615576286.png
KHL,SKA Saint Petersburg,https://r2.thesportsdb.com/images/media/team/badge/1yq8fu1693637098.png
KHL,Spartak Moscow,https://r2.thesportsdb.com/images/media/team/badge/hrh9w61615576296.png
KHL,Torpedo Nizhny Novgorod,https://r2.thesportsdb.com/images/media/team/badge/zsuez11615576302.png
KHL,Traktor Chelyabinsk,https://r2.thesportsdb.com/images/media/team/badge/rz5xo11615576307.png
KHL,Vityaz Podolsk,https://r2.thesportsdb.com/images/media/team/badge/s4onee1615576311.png
